id,name,age
1,Alice,30
2,Bob,25
3,Charlie,40
4,Diana,35
5,Eve,28
6,Frank,50
7,Grace,22
8,Heidi,31
9,Ivan,29
10,Judy,45
11,Karen,33
12,Luke,38
13,Mia,27
14,Nick,44
15,Olga,36
16,Paul,32
17,Quinn,41
18,Rita,24
19,Sam,26
20,Tina,39
21,Uma,31
22,Vincent,46
23,Wendy,34
24,Xavier,43
25,Yara,28
26,Zane,37
27,Anna,21
28,Brian,30
29,Clara,42
30,David,26
31,Elena,33
32,Felix,48
33,Gina,29
34,Harry,38
35,Iris,31
36,Jack,50
37,Kim,22
38,Leo,44
39,Maya,30
40,Nina,35
41,Owen,28
42,Pia,39
43,Quentin,25
44,Rachel,41
45,Steve,27
46,Tamara,36
47,Ursula,31
48,Victor,32
49,Willa,29
50,Xena,33
51,Yusuf,40
52,Zoe,30
53,Alan,34
54,Bea,22
55,Carl,38
56,Dora,28
57,Eric,26
58,Fay,27
59,George,48
60,Hannah,45
61,Isla,24
62,Jonas,36
63,Kate,31
64,Liam,25
65,Monica,40
66,Nate,23
67,Opal,28
68,Peter,37
69,Queenie,30
70,Ryan,34
71,Sara,35
72,Tom,29
73,Ugo,26
74,Verna,38
75,Will,42
76,Ximena,33
77,Yvette,44
78,Zack,27
79,Ava,31
80,Ben,39
81,Chloe,28
82,Denis,37
83,Elsa,32
84,Finn,41
85,Gwen,25
86,Hugo,34
87,India,30
88,Jasper,26
89,Kira,33
90,Lars,35
91,Mila,29
92,Noah,40
93,Orla,36
94,Phil,22
95,Queen,31
96,Roman,38
97,Selma,27
98,Theo,44
99,Ula,23
100,Victor,34
